LINEA;PRODUCTO;PRECIO;;;;
BIOCAMBIO360;Alcohol ethanol 96% 1/2 Galón;25000;;;;
BIOCAMBIO360;Alcohol ethanol 96% 20 L;177000;;;;
BIOCAMBIO360;Alcohol ethanol 96% Galón;45000;;;;
BIOCAMBIO360;Alcohol glicerinado 70% 1/2 Galón;27000;;;;
BIOCAMBIO360;Alcohol glicerinado 70% 1L;16000;;;;
BIOCAMBIO360;Alcohol glicerinado 70% 20 L;147000;;;;
BIOCAMBIO360;Alcohol Glicerinado 70% 500ML;11000;;;;
BIOCAMBIO360;Alcohol glicerinado 70% Galón;49000;;;;
BIOCAMBIO360;Alcohol perfumistico Galon;75000;;;;
BIOCAMBIO360;Ambientador 1/2 Galón;33000;;;;
BIOCAMBIO360;Ambientador Canela 1/2 Galón;33000;;;;
BIOCAMBIO360;Ambientador Canela 10 L;110000;;;;
BIOCAMBIO360;Ambientador Canela 500ML;17000;;;;
BIOCAMBIO360;Ambientador Canela Galón;64000;;;;
BIOCAMBIO360;Ambientador chicle 1/2 Galón;33000;;;;
BIOCAMBIO360;Ambientador Chicle 10 L;110000;;;;
BIOCAMBIO360;Ambientador chicle 20 L;166000;;;;
BIOCAMBIO360;Ambientador Chicle 500ML;17000;;;;
BIOCAMBIO360;Ambientador chicle Galón;64000;;;;
BIOCAMBIO360;Ambientador kiwi 1/2 Galón;33000;;;;
BIOCAMBIO360;Ambientador Kiwi 10 L;110000;;;;
BIOCAMBIO360;Ambientador kiwi 20 L;166000;;;;
BIOCAMBIO360;Ambientador Kiwi 500ML;17000;;;;
BIOCAMBIO360;Ambientador kiwi Galón;64000;;;;
BIOCAMBIO360;Ambientador talco 1/2 Galón;33000;;;;
BIOCAMBIO360;Ambientador Talco 10 L;110000;;;;
BIOCAMBIO360;Ambientador talco 20 L;166000;;;;
BIOCAMBIO360;Ambientador Talco 500ML;17000;;;;
BIOCAMBIO360;Ambientador talco Galón;64000;;;;
BIOCAMBIO360;Ambientador Tutti Frutti 500ML;17000;;;;
BIOCAMBIO360;Ambientador tutti-frutti 1/2 Galón;33000;;;;
BIOCAMBIO360;Ambientador tutti-frutti 10 L;110000;;;;
BIOCAMBIO360;Ambientador tutti-frutti 20 L;166000;;;;
BIOCAMBIO360;Ambientador tutti-frutti Galón;64000;;;;
BIOCAMBIO360;Aroma;1000;;;;
BIOCAMBIO360;Bactokil 1L;9500;;;;
BIOCAMBIO360;Bactokill 1/2 Galón;16500;;;;
BIOCAMBIO360;Bactokill 10 L;69000;;;;
BIOCAMBIO360;Bactokill 1L;9500;;;;
BIOCAMBIO360;Bactokill 20 L;124000;;;;
BIOCAMBIO360;Bactokill Galón;32000;;;;
BIOCAMBIO360;Bala Litro PET;700;;;;
BIOCAMBIO360;Bicarbonato 25 Kg;190000;;;;
BIOCAMBIO360;Bicarbonato de sodio 1 kg;14500;;;;
BIOCAMBIO360;Bicarbonato de sodio 10 kg;100000;;;;
BIOCAMBIO360;Bicarbonato de sodio 20 kg;180000;;;;
BIOCAMBIO360;Bicarbonato de sodio 4 kg;44000;;;;
BIOCAMBIO360;Blanqueador - Desinfectante 1/2 Galón;11000;;;;
BIOCAMBIO360;Blanqueador - Desinfectante 10 L;47000;;;;
BIOCAMBIO360;Blanqueador - Desinfectante 20 L;69000;;;;
BIOCAMBIO360;Blanqueador - Desinfectante Galón;20000;;;;
BIOCAMBIO360;Blanqueador 1L;6300;;;;
BIOCAMBIO360;Campanas 500 ml;1450;;;;
BIOCAMBIO360;Cera Autobrillante 1/2 Galón;34000;;;;
BIOCAMBIO360;Cera Autobrillante 10 L;105000;;;;
BIOCAMBIO360;Cera Autobrillante 1L;19000;;;;
BIOCAMBIO360;Cera Autobrillante 20 L;161000;;;;
BIOCAMBIO360;Cera Autobrillante 500ML;10500;;;;
BIOCAMBIO360;Cera Autobrillante Galón;64000;;;;
BIOCAMBIO360;Cera Autobrillante Roja 1/2 Galón;35000;;;;
BIOCAMBIO360;Cera Autobrillante Roja 1L;19500;;;;
BIOCAMBIO360;Cera Autobrillante Roja 20 L;171000;;;;
BIOCAMBIO360;Cera Autobrillante Roja 500ML;11000;;;;
BIOCAMBIO360;Cera Autobrillante Roja Galón;66000;;;;
BIOCAMBIO360;Cremeras;600;;;;
BIOCAMBIO360;Cuchara 30 Gr;200;;;;
BIOCAMBIO360;Desengrasante 1/2 Galón;19000;;;;
BIOCAMBIO360;Desengrasante 10 L;57000;;;;
BIOCAMBIO360;Desengrasante 1L;12500;;;;
BIOCAMBIO360;Desengrasante 20 L;83000;;;;
BIOCAMBIO360;Desengrasante 500 ml;6500;;;;
BIOCAMBIO360;Desengrasante 500ML;6500;;;;
BIOCAMBIO360;Desengrasante Galón;35000;;;;
BIOCAMBIO360;Desengrasante Industrial 1/2 Galón;20000;;;;
BIOCAMBIO360;Desengrasante Industrial 10 L;62000;;;;
BIOCAMBIO360;Desengrasante Industrial 1L;13500;;;;
BIOCAMBIO360;Desengrasante Industrial 20 L;92000;;;;
BIOCAMBIO360;Desengrasante Industrial 500ML;7500;;;;
BIOCAMBIO360;Desengrasante Industrial Galón;37000;;;;
BIOCAMBIO360;Desincrustante 1/2 Galon;26000;;;;
BIOCAMBIO360;Desinfectante Bicarbonato 1/2 Galón;19000;;;;
BIOCAMBIO360;Desinfectante Bicarbonato 10L;58000;;;;
BIOCAMBIO360;Desinfectante Bicarbonato 1L;14000;;;;
BIOCAMBIO360;Desinfectante Bicarbonato 20L;88000;;;;
BIOCAMBIO360;Desinfectante Bicarbonato 500ML;6000;;;;
BIOCAMBIO360;Desinfectante Bicarbonato Galón;34000;;;;
BIOCAMBIO360;Destapacañerias 1 kg;28000;;;;
BIOCAMBIO360;Destapacañerias 250Gr;8500;;;;
BIOCAMBIO360;Detergente Líquido para Ropa 1/2 Galón;20000;;;;
BIOCAMBIO360;Detergente Líquido para Ropa 10 L;62000;;;;
BIOCAMBIO360;Detergente Líquido para Ropa 1L;14000;;;;
BIOCAMBIO360;Detergente Líquido para Ropa 20 L;94000;;;;
BIOCAMBIO360;Detergente Líquido para Ropa Galón;37000;;;;
BIOCAMBIO360;Detergente Líquido para Ropa 1/2 Galón;19000;;;;
BIOCAMBIO360;Detergente Líquido para Ropa 10 L;57000;;;;
BIOCAMBIO360;Detergente Líquido Para Ropa 1L;12500;;;;
BIOCAMBIO360;Detergente Líquido para Ropa 20 L;86000;;;;
BIOCAMBIO360;Detergente Líquido Para Ropa 500ML;6500;;;;
BIOCAMBIO360;Detergente Líquido para Ropa Galón;34000;;;;
BIOCAMBIO360;Detergente Líquido Para Ropa 500 ML;7500;;;;
BIOCAMBIO360;Detergente Líquido Ropa Negra 1L;11500;;;;
BIOCAMBIO360;Detergente Ropa Negra 1/2 Galón;19000;;;;
BIOCAMBIO360;Detergente ropa negra 10 L;57000;;;;
BIOCAMBIO360;Detergente Ropa Negra 1L;12500;;;;
BIOCAMBIO360;Detergente Ropa Negra 20 L;88000;;;;
BIOCAMBIO360;Detergente Ropa Negra 20 L - Mercado Libre;126000;;;;
BIOCAMBIO360;Detergente Ropa Negra 500ML;7500;;;;
BIOCAMBIO360;Detergente Ropa Negra Galón;35000;;;;
BIOCAMBIO360;Dispensador;0;;;;
BIOCAMBIO360;Dispensador 2 en 1;35000;;;;
BIOCAMBIO360;Dispensador Crema Dental 2 Cepillos;29000;;;;
BIOCAMBIO360;Dispensador Crema Dental 2 Cepillos kids;29000;;;;
BIOCAMBIO360;Dispensador Crema Dental 4 Cepillos;32000;;;;
BIOCAMBIO360;Dispensador Crema Dental 5 Cepillos;31000;;;;
BIOCAMBIO360;Dispensador Liquidos 1L;41000;;;;
BIOCAMBIO360;Dispensador Liquidos 1L Blanco;42000;;;;
BIOCAMBIO360;Dispensador Liquidos 500Ml;34000;;;;
BIOCAMBIO360;Domicilio;1000;;;;
BIOCAMBIO360;Eliminador de Olores 1/2 Galón;41000;;;;
BIOCAMBIO360;Eliminador de Olores 10 L;124000;;;;
BIOCAMBIO360;Eliminador de Olores 1L;32000;;;;
BIOCAMBIO360;Eliminador de Olores 20 L;203000;;;;
BIOCAMBIO360;Eliminador de Olores 500ML;17000;;;;
BIOCAMBIO360;Eliminador de Olores Galón;76000;;;;
BIOCAMBIO360;Eliminador de Olores Limon 10 L;124000;;;;
BIOCAMBIO360;Eliminador de Olores Limón 1L;32000;;;;
BIOCAMBIO360;Eliminador de Olores Limon 20 L;203000;;;;
BIOCAMBIO360;Eliminador de Olores Limón 500 ML;17000;;;;
BIOCAMBIO360;Eliminador de Olores Limón Galón;76000;;;;
BIOCAMBIO360;Eliminador Olores Limón 1/2 Galón;41000;;;;
BIOCAMBIO360;Entrega Envase;3000;;;;
BIOCAMBIO360;Envase;3000;;;;
BIOCAMBIO360;Envase 1/2 Galón Blanco;3200;;;;
BIOCAMBIO360;Envase 1/2 Galón Verde;3200;;;;
BIOCAMBIO360;Envase 500ml;1900;;;;
BIOCAMBIO360;Envase Galón Blanco;5500;;;;
BIOCAMBIO360;Envase Galón Verde;5500;;;;
BIOCAMBIO360;Envase Garrafa;8000;;;;
BIOCAMBIO360;Envase Litro;900;;;;
BIOCAMBIO360;Envase Tarrina;1200;;;;
BIOCAMBIO360;Envase tarrina 1kg;3000;;;;
BIOCAMBIO360;Envase Tarrina 4kg;5000;;;;
BIOCAMBIO360;Etiqueta;200;;;;
BIOCAMBIO360;Gel antibacterial 70% 1/2 Galón;33000;;;;
BIOCAMBIO360;Gel antibacterial 70% 1L;19000;;;;
BIOCAMBIO360;Gel antibacterial 70% 20 L;155000;;;;
BIOCAMBIO360;Gel antibacterial 70% 500 Ml;12500;;;;
BIOCAMBIO360;Gel antibacterial 70% Galón;54000;;;;
BIOCAMBIO360;Jabón de Manos 1/2 Galón;21000;;;;
BIOCAMBIO360;Jabón de Manos 20 L Avena;104000;;;;
BIOCAMBIO360;Jabón de Manos 300Ml;6500;;;;
BIOCAMBIO360;Jabón de Manos 500Ml;10000;;;;
BIOCAMBIO360;Jabón de Manos durazno 1/2 Galón;22000;;;;
BIOCAMBIO360;Jabón de Manos durazno 10 L;67000;;;;
BIOCAMBIO360;Jabón de Manos durazno 20 L;104000;;;;
BIOCAMBIO360;Jabón de Manos durazno 500 Ml;11000;;;;
BIOCAMBIO360;Jabón de Manos durazno Galón;41000;;;;
BIOCAMBIO360;Jabón de Manos fresa 1/2 Galón;22000;;;;
BIOCAMBIO360;Jabón de Manos fresa 10 L;67000;;;;
BIOCAMBIO360;Jabón de Manos fresa 20 L;104000;;;;
BIOCAMBIO360;Jabón de Manos fresa 500 Ml;11000;;;;
BIOCAMBIO360;Jabón de Manos fresa Galón;41000;;;;
BIOCAMBIO360;Jabón de Manos Galón 4L;39000;;;;
BIOCAMBIO360;Jabón de Manos kiwi 1/2 Galón;22000;;;;
BIOCAMBIO360;Jabón de Manos kiwi 10 L;67000;;;;
BIOCAMBIO360;Jabón de Manos kiwi 20 L;104000;;;;
BIOCAMBIO360;Jabón de Manos kiwi 500 Ml;11000;;;;
BIOCAMBIO360;Jabón de Manos kiwi Galón;41000;;;;
BIOCAMBIO360;Jabón de Manos manzana verde 1/2 Galón;22000;;;;
BIOCAMBIO360;Jabón de Manos manzana verde 10 L;67000;;;;
BIOCAMBIO360;Jabón de Manos manzana verde 20 L;104000;;;;
BIOCAMBIO360;Jabón de Manos manzana verde 500 Ml;11000;;;;
BIOCAMBIO360;Jabón de Manos manzana verde Galón;41000;;;;
BIOCAMBIO360;Jabón de Manos Neutro 1/2 Galón;21000;;;;
BIOCAMBIO360;Jabón de Manos Neutro 10 L;67000;;;;
BIOCAMBIO360;Jabón de Manos Neutro 20 L;97000;;;;
BIOCAMBIO360;Jabón de Manos Neutro Galón 4L;39000;;;;
BIOCAMBIO360;Jarra medidora 400 ml;8500;;;;
BIOCAMBIO360;Lavaloza líquido 1/2 Galón;19000;;;;
BIOCAMBIO360;Lavaloza líquido 10 L;57000;;;;
BIOCAMBIO360;Lavaloza Líquido 1L;12500;;;;
BIOCAMBIO360;Lavaloza líquido 20 L;86000;;;;
BIOCAMBIO360;Lavaloza Líquido 500Ml;6500;;;;
BIOCAMBIO360;Lavaloza líquido Galón;35000;;;;
BIOCAMBIO360;Lavaloza líquido industrial 1/2 Galón;19000;;;;
BIOCAMBIO360;Lavaloza líquido industrial 10 L;57000;;;;
BIOCAMBIO360;Lavaloza Líquido Industrial 1L;12500;;;;
BIOCAMBIO360;Lavaloza líquido industrial 20 L;86000;;;;
BIOCAMBIO360;Lavaloza líquido industrial Galón;35000;;;;
BIOCAMBIO360;Limpiajuntas 1/2 Galón;27000;;;;
BIOCAMBIO360;Limpiajuntas 10L;74000;;;;
BIOCAMBIO360;Limpiajuntas 1L;18000;;;;
BIOCAMBIO360;Limpiajuntas 20 L;115000;;;;
BIOCAMBIO360;Limpiajuntas Galón;50000;;;;
BIOCAMBIO360;Limpiapisos 1/2 Galón;16000;;;;
BIOCAMBIO360;Limpiapisos Brisa Marina 1/2 Galón;17000;;;;
BIOCAMBIO360;Limpiapisos Brisa Marina 10 L;55000;;;;
BIOCAMBIO360;Limpiapisos Brisa Marina 1L;12000;;;;
BIOCAMBIO360;Limpiapisos Brisa Marina 20 L;83000;;;;
BIOCAMBIO360;Limpiapisos Brisa Marina 500ML;5500;;;;
BIOCAMBIO360;Limpiapisos Brisa Marina Galón;31000;;;;
BIOCAMBIO360;Limpiapisos canela 1/2 Galón;17000;;;;
BIOCAMBIO360;Limpiapisos Canela 10 L;55000;;;;
BIOCAMBIO360;Limpiapisos Canela 1L;12000;;;;
BIOCAMBIO360;Limpiapisos Canela 20 L;83000;;;;
BIOCAMBIO360;Limpiapisos Canela 500ML;5500;;;;
BIOCAMBIO360;Limpiapisos canela Galón;31000;;;;
BIOCAMBIO360;Limpiapisos citronela 1/2 Galón;17000;;;;
BIOCAMBIO360;Limpiapisos Citronela 10 L;55000;;;;
BIOCAMBIO360;Limpiapisos Citronela 1L;12000;;;;
BIOCAMBIO360;Limpiapisos Citronela 20 L;83000;;;;
BIOCAMBIO360;Limpiapisos citronela Galón;31000;;;;
BIOCAMBIO360;Limpiapisos Citronella 500ML;5500;;;;
BIOCAMBIO360;Limpiapisos frutos rojos 1/2 Galón;17000;;;;
BIOCAMBIO360;Limpiapisos Frutos rojos 10 L;55000;;;;
BIOCAMBIO360;Limpiapisos Frutos rojos 1L;12000;;;;
BIOCAMBIO360;Limpiapisos Frutos rojos 20 L;83000;;;;
BIOCAMBIO360;Limpiapisos Frutos Rojos 500ML;6000;;;;
BIOCAMBIO360;Limpiapisos frutos rojos Galón;31000;;;;
BIOCAMBIO360;Limpiapisos Galón 4L;29000;;;;
BIOCAMBIO360;Limpiapisos lavanda 1/2 Galón;17000;;;;
BIOCAMBIO360;Limpiapisos Lavanda 10 L;55000;;;;
BIOCAMBIO360;Limpiapisos Lavanda 1L;12000;;;;
BIOCAMBIO360;Limpiapisos Lavanda 20 L;83000;;;;
BIOCAMBIO360;Limpiapisos Lavanda 500ML;5500;;;;
BIOCAMBIO360;Limpiapisos lavanda Galón;31000;;;;
BIOCAMBIO360;Limpiapisos manzana verde 1/2 Galón;17000;;;;
BIOCAMBIO360;Limpiapisos Manzana verde 10 L;55000;;;;
BIOCAMBIO360;Limpiapisos Manzana verde 1L;12000;;;;
BIOCAMBIO360;Limpiapisos Manzana verde 20 L;83000;;;;
BIOCAMBIO360;Limpiapisos Manzana Verde 500ML;5500;;;;
BIOCAMBIO360;Limpiapisos manzana verde Galón;31000;;;;
BIOCAMBIO360;Limpiapisos pino 1/2 Galón;17000;;;;
BIOCAMBIO360;Limpiapisos Pino 10 L;55000;;;;
BIOCAMBIO360;Limpiapisos Pino 1L;12000;;;;
BIOCAMBIO360;Limpiapisos Pino 20 L;83000;;;;
BIOCAMBIO360;Limpiapisos Pino 500ML;5500;;;;
BIOCAMBIO360;Limpiapisos pino Galón;31000;;;;
BIOCAMBIO360;Limpiapisos talco 1/2 Galón;17000;;;;
BIOCAMBIO360;Limpiapisos Talco 10 L;55000;;;;
BIOCAMBIO360;Limpiapisos Talco 1L;12000;;;;
BIOCAMBIO360;Limpiapisos Talco 20 L;83000;;;;
BIOCAMBIO360;Limpiapisos Talco 500 ML;5500;;;;
BIOCAMBIO360;Limpiapisos talco Galón;31000;;;;
BIOCAMBIO360;Limpiapisos vainilla 1/2 Galón;17000;;;;
BIOCAMBIO360;Limpiapisos Vainilla 10 L;55000;;;;
BIOCAMBIO360;Limpiapisos Vainilla 1L;12000;;;;
BIOCAMBIO360;Limpiapisos Vainilla 20 L;83000;;;;
BIOCAMBIO360;Limpiapisos Vainilla 500ML;5500;;;;
BIOCAMBIO360;Limpiapisos vainilla Galón;31000;;;;
BIOCAMBIO360;Limpiavidrios 1/2 Galón;20000;;;;
BIOCAMBIO360;Limpiavidrios 10 L;55000;;;;
BIOCAMBIO360;Limpiavidrios 1L;13000;;;;
BIOCAMBIO360;Limpiavidrios 20 L;83000;;;;
BIOCAMBIO360;Limpiavidrios 500ML;6500;;;;
BIOCAMBIO360;Limpiavidrios Galón;34000;;;;
BIOCAMBIO360;Lustrallantas para autos 1/2 Galón;27000;;;;
BIOCAMBIO360;Lustrallantas Para Autos 1L;17000;;;;
BIOCAMBIO360;Lustrallantas para autos 20 L;125000;;;;
BIOCAMBIO360;Lustrallantas para autos 500ml;10000;;;;
BIOCAMBIO360;Lustrallantas para autos Galón;47000;;;;
BIOCAMBIO360;Lustrallantas para motos 1/2 Galón;27000;;;;
BIOCAMBIO360;Lustrallantas Para Motos 1L;37000;;;;
BIOCAMBIO360;Lustrallantas para motos 20 L;125000;;;;
BIOCAMBIO360;Lustrallantas para motos 500ml;10000;;;;
BIOCAMBIO360;Lustrallantas para motos Galón;47000;;;;
BIOCAMBIO360;Mantequilla Corporal Cafettal;18000;;;;
BIOCAMBIO360;Mantequilla Corporal Churumbelos;18000;;;;
BIOCAMBIO360;Mantequilla Corporal Fiesta Caribe;18500;;;;
BIOCAMBIO360;Mantequilla Corporal Mistery Gorgona;18000;;;;
BIOCAMBIO360;Mantequilla Corporal Nieve Del Cocuy;18000;;;;
BIOCAMBIO360;Oxígeno activo 1 kg;21000;;;;
BIOCAMBIO360;Oxígeno activo 10 kg;140000;;;;
BIOCAMBIO360;Oxígeno activo 20 kg;247000;;;;
BIOCAMBIO360;Oxígeno activo 4 kg;64000;;;;
BIOCAMBIO360;Pastillas de cloro 48 unidades;35000;;;;
BIOCAMBIO360;Pastillas de cloro 8 unidades;9000;;;;
BIOCAMBIO360;Perfume Autos Breeze 110 Ml;50000;;;;
BIOCAMBIO360;Perfume Autos Citrufresh 110 Ml;50000;;;;
BIOCAMBIO360;Perfume Autos Festivo Drive 110 Ml;50000;;;;
BIOCAMBIO360;Perfume Autos Trópico 110 Ml;50000;;;;
BIOCAMBIO360;Pistolas;1200;;;;
BIOCAMBIO360;Pistolas Rojas;850;;;;
BIOCAMBIO360;Pistolas Verdes;850;;;;
BIOCAMBIO360;Portacuchillas;19000;;;;
BIOCAMBIO360;Quita óxido 1/2 Galón;38000;;;;
BIOCAMBIO360;Quita óxido 10L;137000;;;;
BIOCAMBIO360;Quita óxido 15 L;154500;;;;
BIOCAMBIO360;Quita Óxido 1L;20500;;;;
BIOCAMBIO360;Quita óxido 20 L;210000;;;;
BIOCAMBIO360;Quita óxido 60 Ml;10500;;;;
BIOCAMBIO360;Quita óxido Galón;71000;;;;
BIOCAMBIO360;Quitamanchas ropa color 1/2 Galón;17500;;;;
BIOCAMBIO360;Quitamanchas ropa Color 10 L;55000;;;;
BIOCAMBIO360;Quitamanchas Ropa Color 1L;9000;;;;
BIOCAMBIO360;Quitamanchas ropa Color 20 L;82000;;;;
BIOCAMBIO360;Quitamanchas ropa color 500 ml;5500;;;;
BIOCAMBIO360;Quitamanchas ropa color 500Ml;5500;;;;
BIOCAMBIO360;Quitamanchas ropa color Galón;26000;;;;
BIOCAMBIO360;Registro;20000;;;;
BIOCAMBIO360;Registro Empleado;16000;;;;
BIOCAMBIO360;Registro Empleado VACIO;13000;;;;
BIOCAMBIO360;Removedor de ceras 1/2 Galón;21000;;;;
BIOCAMBIO360;Removedor de ceras 20 L;116000;;;;
BIOCAMBIO360;Removedor De Ceras 500ML;6500;;;;
BIOCAMBIO360;Removedor de ceras Galón;39000;;;;
BIOCAMBIO360;Sellador Polimérico 1/2 Galón;44000;;;;
BIOCAMBIO360;Sellador Polimérico 10 L;177000;;;;
BIOCAMBIO360;Sellador Polimérico 1L;24000;;;;
BIOCAMBIO360;Sellador Polimérico 20 L;271000;;;;
BIOCAMBIO360;Sellador Polimérico 20 L Amarillo;269;;;;
BIOCAMBIO360;Sellador Polimérico 500ML;14000;;;;
BIOCAMBIO360;Sellador Polimérico Galón;84000;;;;
BIOCAMBIO360;Sellador Polimérico Galón 4L Amarillo;84000;;;;
BIOCAMBIO360;Sellador Polimérico rojo 1/2 Galón;45000;;;;
BIOCAMBIO360;Sellador Polimérico Rojo 1L;24500;;;;
BIOCAMBIO360;Sellador Polimérico rojo 20 L;276000;;;;
BIOCAMBIO360;Sellador Polimérico Rojo 500ML;14500;;;;
BIOCAMBIO360;Sellador Polimérico rojo Galón;86000;;;;
BIOCAMBIO360;Shampoo Autos 1/2 Galón;20000;;;;
BIOCAMBIO360;Shampoo Autos 1L;13000;;;;
BIOCAMBIO360;Shampoo Autos 20 L;90000;;;;
BIOCAMBIO360;Shampoo Autos 500ML;7500;;;;
BIOCAMBIO360;Shampoo Autos Galón 4L;36000;;;;
BIOCAMBIO360;Shampoo Motos;6500;;;;
BIOCAMBIO360;Shampoo Motos 1L;13000;;;;
BIOCAMBIO360;Shampoo Muebles 1/2 Galón;18000;;;;
BIOCAMBIO360;Shampoo Muebles 10 L;57000;;;;
BIOCAMBIO360;Shampoo Muebles 1L;12000;;;;
BIOCAMBIO360;Shampoo Muebles 20 L;85000;;;;
BIOCAMBIO360;Shampoo Muebles 500Ml;7500;;;;
BIOCAMBIO360;Shampoo Muebles Galón;33000;;;;
BIOCAMBIO360;Shampoo para Motos 1/2 Galón;20000;;;;
BIOCAMBIO360;Shampoo para Motos 20 L;90000;;;;
BIOCAMBIO360;Shampoo para Motos Galón;36000;;;;
BIOCAMBIO360;Siliciona Para Autos 500ML;17000;;;;
BIOCAMBIO360;Silicona Autos 1/2 Galón;38000;;;;
BIOCAMBIO360;Silicona Autos 20 L;274000;;;;
BIOCAMBIO360;Silicona Autos Galón 4L;72000;;;;
BIOCAMBIO360;Silicona Lustramuebles 1/2 Galón;38000;;;;
BIOCAMBIO360;Silicona Lustramuebles 1L;29000;;;;
BIOCAMBIO360;Silicona Lustramuebles 20 L;274000;;;;
BIOCAMBIO360;Silicona Lustramuebles 500Ml;16000;;;;
BIOCAMBIO360;Silicona Lustramuebles Galón;72000;;;;
BIOCAMBIO360;Silicona Para Autos 1L;29000;;;;
BIOCAMBIO360;Silicona para Motos 1/2 Galón;42000;;;;
BIOCAMBIO360;Silicona Para Motos 1L;47000;;;;
BIOCAMBIO360;Silicona para Motos 20 L;327000;;;;
BIOCAMBIO360;Silicona Para Motos 500ML;25000;;;;
BIOCAMBIO360;Silicona para Motos Galón 4L;79000;;;;
BIOCAMBIO360;Spray Boca 28;450;;;;
BIOCAMBIO360;Suavizante Floral 1/2 Galón;19000;;;;
BIOCAMBIO360;Suavizante floral 10 L;66000;;;;
BIOCAMBIO360;Suavizante Floral 1L;13000;;;;
BIOCAMBIO360;Suavizante floral 20 L;103000;;;;
BIOCAMBIO360;Suavizante Floral 500ML;6500;;;;
BIOCAMBIO360;Suavizante floral Galón;34000;;;;
BIOCAMBIO360;Suavizante Manzan Verde 500ML;6500;;;;
BIOCAMBIO360;Suavizante Manzana Verde 1/2 Galón;19000;;;;
BIOCAMBIO360;Suavizante Manzana Verde 10 L;66000;;;;
BIOCAMBIO360;Suavizante Manzana Verde 1L;13000;;;;
BIOCAMBIO360;Suavizante Manzana Verde 20 L;103000;;;;
BIOCAMBIO360;Suavizante Manzana Verde 500ML;6500;;;;
BIOCAMBIO360;Suavizante Manzana Verde Galón;34000;;;;
BIOCAMBIO360;Suavizante Motas de Algodon 10 L;37000;;;;
BIOCAMBIO360;Suavizante Motas de Algodon 500 Ml;6000;;;;
BIOCAMBIO360;Suavizante Sueño Lavanda 1/2 Galón;19000;;;;
BIOCAMBIO360;Suavizante Sueño Lavanda 10 L;66000;;;;
BIOCAMBIO360;Suavizante Sueño Lavanda 1L;13000;;;;
BIOCAMBIO360;Suavizante Sueño Lavanda 20 L;103000;;;;
BIOCAMBIO360;Suavizante Sueño Lavanda 500ML;6500;;;;
BIOCAMBIO360;Suavizante Sueño Lavanda Galón;34000;;;;
BIOCAMBIO360;Tapa Amarilla Boca 28;150;;;;
BIOCAMBIO360;Tapa Amarilla Boca 38;250;;;;
BIOCAMBIO360;Tapa Boca 28;90;;;;
BIOCAMBIO360;Tapa Boca 38;300;;;;
BIOCAMBIO360;Tapa Flit - Top;200;;;;
BIOCAMBIO360;Tapa Tarrina;450;;;;
BIOCAMBIO360;Tapas Verdes Boca 28;150;;;;
BIOCAMBIO360;Válvula Cremera;600;;;;
BIOCAMBIO360;Vinagre Industrial 1/2 Galón;16000;;;;
BIOCAMBIO360;Vinagre Industrial 10 L;65000;;;;
BIOCAMBIO360;Vinagre Industrial 1L;9000;;;;
BIOCAMBIO360;Vinagre Industrial 20 L;97000;;;;
BIOCAMBIO360;Vinagre Industrial 500ML;5500;;;;
BIOCAMBIO360;Vinagre Industrial Galón;29000;;;;